,verb,propbank_senses,output_0.7_0_0_empty.csv,output_0.7_0_0_linguist.csv,output_0.7_0_0_standard.csv,output_0.7_0_1_empty.csv,output_0.7_0_1_linguist.csv,output_0.7_0_1_standard.csv,output_0.7_0_2_empty.csv,output_0.7_0_2_linguist.csv,output_0.7_0_2_standard.csv,output_0.7_0_3_empty.csv,output_0.7_0_3_linguist.csv,output_0.7_0_3_standard.csv,output_0.7_0_4_empty.csv,output_0.7_0_4_linguist.csv,output_0.7_0_4_standard.csv,output_0.7_0_5_empty.csv,output_0.7_0_5_linguist.csv,output_0.7_0_5_standard.csv,output_0.7_0_6_empty.csv,output_0.7_0_6_linguist.csv,output_0.7_0_7_empty.csv,output_0.7_0_7_linguist.csv,output_0.7_0_7_standard.csv,output_0.8_0_0_empty.csv,output_0.8_0_0_linguist.csv,output_0.8_0_0_standard.csv,output_0.8_0_1_empty.csv,output_0.8_0_1_linguist.csv,output_0.8_0_1_standard.csv,output_0.8_0_2_empty.csv,output_0.8_0_2_linguist.csv,output_0.8_0_2_standard.csv,output_0.8_0_3_empty.csv,output_0.8_0_3_linguist.csv,output_0.8_0_3_standard.csv,output_0.8_0_4_empty.csv,output_0.8_0_4_linguist.csv,output_0.8_0_4_standard.csv,output_0.8_0_5_empty.csv,output_0.8_0_5_linguist.csv,output_0.8_0_5_standard.csv,output_0.8_0_6_empty.csv,output_0.8_0_6_linguist.csv,output_0.8_0_6_standard.csv,output_0.8_0_7_empty.csv,output_0.8_0_7_linguist.csv,output_0.8_0_7_standard.csv,output_0.9_0_0_empty.csv,output_0.9_0_0_linguist.csv,output_0.9_0_0_standard.csv,output_0.9_0_1_empty.csv,output_0.9_0_1_linguist.csv,output_0.9_0_1_standard.csv,output_0.9_0_2_empty.csv,output_0.9_0_2_linguist.csv,output_0.9_0_2_standard.csv,output_0.9_0_3_empty.csv,output_0.9_0_3_linguist.csv,output_0.9_0_3_standard.csv,output_0.9_0_4_empty.csv,output_0.9_0_4_linguist.csv,output_0.9_0_4_standard.csv,output_0.9_0_5_empty.csv,output_0.9_0_5_linguist.csv,output_0.9_0_5_standard.csv,output_0.9_0_6_empty.csv,output_0.9_0_6_linguist.csv,output_0.9_0_6_standard.csv,output_0.9_0_7_empty.csv,output_0.9_0_7_linguist.csv,output_0.9_0_7_standard.csv,monosemous,prediction
0,abuse,3,0.2704037140114277,-1000000.0,0.0,-2.7696675054197204,-1000000.0,0.0,1.125844046717317,-1.5178869501853072,-1.5939658346869807,-0.4597496117338195,-2.8174279979582195,-2.900645106719065,1000000.0,7.843488611353397,0.0,1000000.0,1000000.0,0.0,0.0,0.0,0.0,0.0,0.0,0.2386280011038888,-1000000.0,0.0,-2.446413964539847,-1000000.0,0.0,0.993421084861227,-1.318107837811901,-1.415176354044454,-0.3753119806717322,-2.4780778862314854,-2.558911786299356,1000000.0,6.852381074358707,0.0,1000000.0,1000000.0,0.0,0.0,0.0,0.0,0.0,0.0,0.0,0.2144876044786041,-1000000.0,0.0,-2.1824404376934616,-1000000.0,0.0,0.8982462518606429,-1.202798776248648,-1.281724174156226,-0.354263061125506,-2.236760768025245,-2.2987584442155526,1000000.0,6.11464846268546,0.0,1000000.0,1000000.0,0.0,0.0,0.0,0.0,0.0,0.0,0.0,False,False
1,insult,1,0.3528099620667042,-1000000.0,0.0,-3.479404522000163,-1000000.0,0.0,1.628472311374301,-0.6012949269897936,3.661713947605256,0.3112172174502348,-2.093011159554095,2.0383138921891453,1000000.0,10.794344996942826,1000000.0,1000000.0,1000000.0,1000000.0,0.0,0.0,0.0,0.0,0.0,0.3153658551030762,-1000000.0,0.0,-3.0486775282811944,-1000000.0,0.0,1.4336005190808212,-0.5544918841422772,3.2054920432348264,0.2709465659741177,-1.8354270801875636,1.7796616953252895,1000000.0,9.47714804574104,1000000.0,1000000.0,1000000.0,1000000.0,0.0,0.0,0.0,0.0,0.0,0.0,0.2894461230925493,-1000000.0,0.0,-2.731610887003997,-1000000.0,0.0,1.272828838900919,-0.4962170578747464,2.851850611269932,0.2303913205441521,-1.666822482913355,1.576850170572584,1000000.0,8.428736224140252,1000000.0,1000000.0,1000000.0,1000000.0,0.0,0.0,0.0,0.0,0.0,0.0,True,True
2,allow,3,0.9270178366435876,-1000000.0,0.0,-2.6767567922944444,-1000000.0,0.0,1.7849875364883765,-0.3579272031093579,4.554792604712162,0.2110087308970314,-1.592946171627197,3.077740870232528,1000000.0,5.695946166326209,1000000.0,1000000.0,11.207046127934111,1000000.0,0.0,0.0,0.0,0.0,0.0,0.7823637278641318,-1000000.0,0.0,-2.3437046348886508,-1000000.0,0.0,1.551288465228442,-0.3336034251236262,3.987196309384767,0.1739004044793208,-1.3993663968741237,2.690486494859603,1000000.0,4.969373529975715,1000000.0,1000000.0,9.81833873667927,1000000.0,0.0,0.0,0.0,0.0,0.0,0.0,0.7129059878601094,-1000000.0,0.0,-2.0766351090034902,-1000000.0,0.0,1.3778713319891818,-0.3019988100321438,3.5470749199930736,0.1446713404777853,-1.270805982965773,2.3881765542641125,1000000.0,4.424834551674236,1000000.0,1000000.0,8.744494857301726,1000000.0,0.0,0.0,0.0,0.0,0.0,0.0,False,True
3,approve,1,0.0409048991601626,-1000000.0,0.0,-2.536030212899428,-1000000.0,0.0,1.0597987450798492,-1.615524637055671,3.4056764927216623,-0.2127171004006314,-2.7910741167826565,1.7586438910373463,1000000.0,9.083413785332649,0.0,1000000.0,1000000.0,1000000.0,0.0,0.0,0.0,0.0,0.0,0.0234829355839085,-1000000.0,0.0,-2.2082672434622665,-1000000.0,0.0,0.926817163526584,-1.4217503879041713,2.9822045205531245,-0.1770558761175991,-2.4626380257425438,1.5347275308613737,1000000.0,7.938336704944078,0.0,1000000.0,1000000.0,1000000.0,0.0,0.0,0.0,0.0,0.0,0.0,0.030758976354015,-1000000.0,0.0,-1.9887368836835184,-1000000.0,0.0,0.8144872802958929,-1.274892784760839,2.6544318754739624,-0.1670914178942748,-2.211670978753797,1.359065144958672,1000000.0,7.0638089041124985,0.0,1000000.0,1000000.0,1000000.0,0.0,0.0,0.0,0.0,0.0,0.0,True,False
4,beat,3,2.0207909931238195,-1000000.0,0.0,-0.918523980800872,-1000000.0,0.0,1.6510845833269538,-1.0264736990925003,3.327768870677554,-0.0903781311779461,-2.794589780258111,1.5786460463096017,6.314683302553666,5.106787198191847,0.0,1000000.0,10.125678283152794,0.0,0.0,0.0,0.0,0.0,0.0,1.7843778496664289,-1000000.0,0.0,-0.798036154797364,-1000000.0,0.0,1.4536693607112632,-0.8978820436153061,2.9142625948654484,-0.0899656824305452,-2.4480414670325708,1.3761484052527324,5.529779140728408,4.50437306273632,0.0,1000000.0,8.858750389382713,0.0,0.0,0.0,0.0,0.0,0.0,0.0,1.5859192155640631,-1000000.0,0.0,-0.7239795862288858,-1000000.0,0.0,1.2910546186654948,-0.8110297339839807,2.5943533520075586,-0.0556261402422055,-2.2004309465891128,1.2168154817225083,4.9092759960669685,3.99636031060268,0.0,1000000.0,7.8974430430892015,0.0,0.0,0.0,0.0,0.0,0.0,0.0,False,False
5,slap,1,0.9817570550496236,-1000000.0,0.0,-1.49600204666101,-1000000.0,0.0,1.729254572188751,-1.0123141259021065,3.729204195095577,0.2112666813475563,-2.8130102383645763,1.4792807781680688,5.255624063215139,3.303676746512473,0.0,6.877086151640063,8.820410469319155,1000000.0,1000000.0,0.0,0.0,0.0,0.0,0.8782306345251705,-1000000.0,0.0,-1.3401052057031109,-1000000.0,0.0,1.5025727358955692,-0.9029660908546706,3.2651474870598727,0.1840117031472008,-2.471724848908204,1.289894951328927,4.604139339221295,2.910810725211939,0.0,6.005481216510335,7.741511583123182,1000000.0,1000000.0,0.0,0.0,0.0,0.0,0.0,0.7803332679115318,-1000000.0,0.0,-1.1613180564961605,-1000000.0,0.0,1.3345045807933449,-0.7866678324909833,2.9057365014987857,0.1622511757406979,-2.201865094638801,1.1408879583920957,4.122619481470551,2.5627792950903,0.0,5.35972045976988,6.852912995983334,1000000.0,1000000.0,0.0,0.0,0.0,0.0,0.0,True,True
6,belt,3,-1.5343631335134784,-1000000.0,0.0,-3.278866254940681,-1000000.0,0.0,1.1822361463825644,-1.8501643550333144,1.9358860218716332,-0.1125670898522805,-2.948580849374757,0.8867743003156168,1000000.0,10.605511057292322,1000000.0,1000000.0,1000000.0,1000000.0,0.0,0.0,0.0,0.0,0.0,-1.3384767367546928,-1000000.0,0.0,-2.868980472714938,-1000000.0,0.0,1.033547279291211,-1.6272278091341963,1.6885010157572973,-0.0995912753234549,-2.601270312374224,0.7705033167423823,1000000.0,9.288542735246814,1000000.0,1000000.0,1000000.0,1000000.0,0.0,0.0,0.0,0.0,0.0,0.0,-1.2063687935635024,-1000000.0,0.0,-2.5683308720446814,-1000000.0,0.0,0.891301269821227,-1.4579251465846197,1.4939753590398173,-0.1161374813923608,-2.3193037822984746,0.6779332813393539,1000000.0,8.275444645298773,1000000.0,1000000.0,1000000.0,1000000.0,0.0,0.0,0.0,0.0,0.0,0.0,False,False
7,button,1,0.1332579442455284,-1000000.0,0.0,-2.9862925080334897,-1000000.0,0.0,1.49472823687446,-1.237922530562642,2.557130629346222,-0.2133074706366287,-2.961528826691124,0.7629291010861126,1000000.0,9.311512823757184,1000000.0,1000000.0,1000000.0,1000000.0,0.0,0.0,0.0,0.0,0.0,0.1064951788247317,-1000000.0,0.0,-2.6054837264915527,-1000000.0,0.0,1.3166691150680665,-1.102349488463907,2.2393634999535186,-0.1685590595353101,-2.5941122369370664,0.6614759119076066,1000000.0,8.137385920631743,1000000.0,1000000.0,1000000.0,1000000.0,0.0,0.0,0.0,0.0,0.0,0.0,0.0940867593180332,-1000000.0,0.0,-2.336676829418451,-1000000.0,0.0,1.1689680775670634,-0.992554905072045,1.993618854383711,-0.1691952265852574,-2.3224186651020924,0.580333313000807,1000000.0,7.235924238789648,1000000.0,1000000.0,1000000.0,1000000.0,0.0,0.0,0.0,0.0,0.0,0.0,True,True
8,break,5,0.2554988164019747,-1000000.0,0.0,-1.519823374608757,-1000000.0,0.0,1.8296321393749828,-1.4918961189614022,2.5906122191851377,0.5905126213775773,-2.8451809982935323,0.9647598057593924,1000000.0,9.401353983241844,1000000.0,1000000.0,1000000.0,1000000.0,0.0,0.0,0.0,0.0,0.0,0.2714687150382122,-1000000.0,0.0,-1.352445462805818,-1000000.0,0.0,1.580497227838496,-1.2834420715516544,2.2686603616778207,0.5156002453700399,-2.4699053559106963,0.8388370187325238,1000000.0,8.211622359325311,1000000.0,1000000.0,1000000.0,1000000.0,0.0,0.0,0.0,0.0,0.0,0.0,0.2443703964989279,-1000000.0,0.0,-1.2111333877099053,-1000000.0,0.0,1.394920057137913,-1.1511970534571585,2.0196599913353106,0.474064464013999,-2.2341497998180424,0.7389334251728883,1000000.0,7.34141424107713,1000000.0,1000000.0,1000000.0,1000000.0,0.0,0.0,0.0,0.0,0.0,0.0,False,False
9,burn,1,0.128347469245261,-1000000.0,0.0,-1.9436891966405856,-1000000.0,0.0,1.6730871350214649,-1.0681083595517311,3.461596470219514,0.2778110337486268,-2.61212929261945,1.6353689430605254,5.4222285318558665,5.217005045134995,0.0,5.951044526085754,8.925816070368217,0.0,0.0,0.0,0.0,0.0,0.0,0.107421915520268,-1000000.0,0.0,-1.7131956848159522,-1000000.0,0.0,1.4628481745791255,-0.9616692964647972,3.031254778616721,0.2711737517496804,-2.3157065755841195,1.4263608753844714,4.724343966140873,4.551008705667224,0.0,5.219907111870226,7.818563410149247,0.0,0.0,0.0,0.0,0.0,0.0,0.0,0.1041668684423946,-1000000.0,0.0,-1.5483732497033549,-1000000.0,0.0,1.3074394543898098,-0.8651191887741314,2.6982000399562645,0.230847213253222,-2.071707935829961,1.262064719999325,4.223018351766713,4.062311481398854,0.0,4.631406012677882,6.968408471284624,0.0,0.0,0.0,0.0,0.0,0.0,0.0,True,False
10,box,3,1.1243206910798662,-1000000.0,0.0,-1.9093937647110284,-1000000.0,0.0,1.3833778666380212,-0.7905354190603937,3.4832043920423432,-0.0899037571113119,-2.302239108809223,1.624616025057283,1000000.0,10.22089552540216,1000000.0,1000000.0,1000000.0,1000000.0,0.0,0.0,0.0,0.0,0.0,0.9918236454534668,-1000000.0,0.0,-1.6637865403229704,-1000000.0,0.0,1.1903032035179333,-0.7005706086921943,3.049372527065058,-0.069643157587004,-2.0171060166426558,1.4170728205831242,1000000.0,8.98173456304091,1000000.0,1000000.0,1000000.0,1000000.0,0.0,0.0,0.0,0.0,0.0,0.0,0.8920093416434423,-1000000.0,0.0,-1.4795715044775228,-1000000.0,0.0,1.0571902953617496,-0.6516781757694448,2.713186880341813,-0.0542319156160324,-1.7833170717628306,1.253814940528656,1000000.0,7.960126008158556,1000000.0,1000000.0,1000000.0,1000000.0,0.0,0.0,0.0,0.0,0.0,0.0,False,True
11,fight,1,-0.4020182805458141,-1000000.0,0.0,-2.7130420016734007,-1000000.0,0.0,1.1489153054288224,-1.3916779785879747,2.6184928379783967,-0.156938723414445,-2.935492109393332,0.6751995269037208,1000000.0,10.555592985654831,1000000.0,1000000.0,1000000.0,1000000.0,0.0,0.0,0.0,0.0,0.0,-0.351931382453909,-1000000.0,0.0,-2.40077258759246,-1000000.0,0.0,0.9947502044377484,-1.2351699053767806,2.2870301207872545,-0.1381633488928262,-2.569024517130016,0.5856229332289757,1000000.0,9.25498799280933,1000000.0,1000000.0,1000000.0,1000000.0,0.0,0.0,0.0,0.0,0.0,0.0,-0.3130192109972753,-1000000.0,0.0,-2.124771301312373,-1000000.0,0.0,0.8918231213255599,-1.1173473725642324,2.0273760788604327,-0.1327084275909964,-2.3062260588306662,0.5138000647708632,1000000.0,8.207123300825696,1000000.0,1000000.0,1000000.0,1000000.0,0.0,0.0,0.0,0.0,0.0,0.0,True,True
12,build,3,0.2820725534752757,-1000000.0,0.0,-2.464117209699125,-1000000.0,0.0,1.90744576785319,-1.4156215805211223,3.015421263652809,0.3783257761655925,-2.858890166317888,1.399493585198938,5.48315461120222,2.3892827169442032,0.0,6.5919362723685175,6.856245709632088,0.0,0.0,0.0,0.0,0.0,0.0,0.2491084860331192,-1000000.0,0.0,-2.141657434821603,-1000000.0,0.0,1.6385739733587863,-1.2474653610597937,2.6411149778767955,0.2908201766868803,-2.493361562879066,1.2189504032592815,4.797151096495114,2.0919262135275734,0.0,5.765130886838128,6.02298763584899,0.0,0.0,0.0,0.0,0.0,0.0,0.0,0.2326670153210166,-1000000.0,0.0,-1.9008178460380627,-1000000.0,0.0,1.463595820066196,-1.1466485801654898,2.351767882998554,0.3089755682510446,-2.2738853822645,1.076559048230414,4.266525019732377,1.861450239077033,0.0,5.145265081036593,5.360211221459862,0.0,0.0,0.0,0.0,0.0,0.0,0.0,False,False
13,shape,1,1.247855099390275,-1000000.0,0.0,-1.5517265978499246,-1000000.0,0.0,1.7851220803322896,-1.06047032022704,3.0709411282029317,0.4010566601494929,-2.561464174079504,1.634774775393475,1000000.0,5.417079463715659,1000000.0,1000000.0,10.079813588434334,1000000.0,1000000.0,0.0,0.0,0.0,0.0,1.071218569513265,-1000000.0,0.0,-1.3544752431878049,-1000000.0,0.0,1.5807901127273034,-0.8992663651847002,2.689401293520768,0.359892086530067,-2.264311688092836,1.4254296820393115,1000000.0,4.774213426585307,1000000.0,1000000.0,8.807620866245635,1000000.0,1000000.0,0.0,0.0,0.0,0.0,0.0,0.9505509887139354,-1000000.0,0.0,-1.207079209489244,-1000000.0,0.0,1.3954977951968672,-0.829561232275652,2.394287244998151,0.3101417469918992,-2.0389035236826185,1.2607722010444364,1000000.0,4.242759014810895,1000000.0,1000000.0,7.845976135470652,1000000.0,1000000.0,0.0,0.0,0.0,0.0,0.0,True,True
14,cast,4,1.198200797881208,-1000000.0,0.0,-1.5355212828473783,-1000000.0,0.0,1.7405584080254517,-2.1747566042588726,2.8592746247311336,0.3455231925310613,-3.416488259093942,1.6129976981767982,5.885246930570066,2.123535775463723,0.0,6.402231421006762,5.707524903353312,0.0,0.0,0.0,0.0,0.0,0.0,1.0669471783822218,-1000000.0,0.0,-1.3727818906409317,-1000000.0,0.0,1.5126697508701472,-1.9120991085999144,2.504593350719997,0.2823398260016407,-3.0193016631063543,1.4068335837713652,5.163953128987211,1.8707025280187288,0.0,5.599250916904291,5.018515403498915,0.0,0.0,0.0,0.0,0.0,0.0,0.0,0.9514873359624064,-1000000.0,0.0,-1.2365458201941966,-1000000.0,0.0,1.3437660603176766,-1.7205097097059898,2.23055847769216,0.276466181806807,-2.698643948018184,1.2448211030061502,4.610373299827447,1.6753988806016675,0.0,4.98489828024656,4.459573247284951,0.0,0.0,0.0,0.0,0.0,0.0,0.0,False,False
15,launch,1,0.4628775040408701,-1000000.0,0.0,-1.9151396832339425,-1000000.0,0.0,1.3944988746349232,-1.2586756768060583,3.394230031917096,-0.1794835044098306,-2.74758811894041,1.8709153186342096,1000000.0,8.2959499021564,1000000.0,1000000.0,1000000.0,1000000.0,0.0,0.0,0.0,0.0,0.0,0.3999565945574215,-1000000.0,0.0,-1.6920446214296463,-1000000.0,0.0,1.2292135285866674,-1.129029437568872,2.9718755844257885,-0.1678790672674868,-2.3864335393362293,1.6332858330629645,1000000.0,7.283080131665211,1000000.0,1000000.0,1000000.0,1000000.0,0.0,0.0,0.0,0.0,0.0,0.0,0.3512745919504976,-1000000.0,0.0,-1.5385780185582707,-1000000.0,0.0,1.0742286176356526,-0.9977661991399938,2.6448127334852685,-0.12472581373048,-2.153634600814838,1.4469215179427095,1000000.0,6.4721544571923095,1000000.0,1000000.0,1000000.0,1000000.0,0.0,0.0,0.0,0.0,0.0,0.0,True,False
16,catch,3,1.0451391674418904,-1000000.0,0.0,-1.3026397820841833,-1000000.0,0.0,1.372053246491907,-0.867813756643744,3.4609187735449867,-0.2241949937087213,-2.179649553620969,1.5021240253818542,1000000.0,8.825341524417052,1000000.0,1000000.0,1000000.0,1000000.0,0.0,0.0,0.0,0.0,0.0,0.912088408366582,-1000000.0,0.0,-1.129090135623711,-1000000.0,0.0,1.1996460218094749,-0.7283104653831574,3.0299154806362125,-0.177713741717346,-1.9388878132527383,1.3101319162775624,1000000.0,7.730809832144261,1000000.0,1000000.0,1000000.0,1000000.0,0.0,0.0,0.0,0.0,0.0,0.0,0.8081929062203308,-1000000.0,0.0,-1.0051877637357745,-1000000.0,0.0,1.073878668185035,-0.6841609970444491,2.6959540513581977,-0.1768939807856764,-1.7132259477155785,1.1590592566754765,1000000.0,6.8777619832978,1000000.0,1000000.0,1000000.0,1000000.0,0.0,0.0,0.0,0.0,0.0,0.0,False,False
17,fetch,1,1.5212437473232807,-1000000.0,0.0,-1.4172358900622315,-1000000.0,0.0,1.7848742979824834,-0.7025724281289101,3.46136367860524,0.3003585196661298,-2.259568908936659,1.8250224343468595,1000000.0,5.13890301765341,1000000.0,1000000.0,10.04144791198046,1000000.0,0.0,0.0,0.0,0.0,0.0,1.2897952046308472,-1000000.0,0.0,-1.260892209451331,-1000000.0,0.0,1.521803153771888,-0.6242459843271044,3.0308061732528904,0.2813850096733628,-1.9805503713031865,1.592193633209944,1000000.0,4.521745973855541,1000000.0,1000000.0,8.760133150960154,1000000.0,0.0,0.0,0.0,0.0,0.0,0.0,1.157394332242406,-1000000.0,0.0,-1.106619163065158,-1000000.0,0.0,1.3774750722069076,-0.5674610947358492,2.697459349836904,0.2490005435292275,-1.8030874538114243,1.4092985354132272,1000000.0,4.019099113470012,1000000.0,1000000.0,7.796127447273061,1000000.0,0.0,0.0,0.0,0.0,0.0,0.0,True,True
18,clear,3,-0.8771034889430815,-1000000.0,0.0,-3.363061549428398,-1000000.0,0.0,1.0255312011005504,-1.751074564846272,2.869080317961992,-0.3362040356751343,-3.2406984576065305,0.9091477254136836,1000000.0,10.923883560908038,1000000.0,1000000.0,1000000.0,1000000.0,0.0,0.0,0.0,0.0,0.0,-0.7934598159013451,-1000000.0,0.0,-2.9671618612074884,-1000000.0,0.0,0.8861235574401043,-1.5608635875302097,2.5116662567770733,-0.2761978443698041,-2.8486186920260472,0.7900135825569929,1000000.0,9.562527801401435,1000000.0,1000000.0,1000000.0,1000000.0,0.0,0.0,0.0,0.0,0.0,0.0,-0.7141904288230041,-1000000.0,0.0,-2.6474574318179087,-1000000.0,0.0,0.7943556578214039,-1.382635338233305,2.234711358126173,-0.2476915788675295,-2.5400867410553936,0.6951123529247187,1000000.0,8.502193782651872,1000000.0,1000000.0,1000000.0,1000000.0,0.0,0.0,0.0,0.0,0.0,0.0,False,True
19,clean,1,0.211011958548573,-1000000.0,0.0,-2.108529373407361,-1000000.0,0.0,1.148810783764029,-1.995391101789609,1.9792562009033403,-0.3246010657785021,-3.2930445809841817,0.6283218773246144,1000000.0,6.481197606053286,1000000.0,1000000.0,11.091765018307708,1000000.0,0.0,0.0,0.0,0.0,0.0,0.1838639943257778,-1000000.0,0.0,-1.8307771697576936,-1000000.0,0.0,1.0336747141624816,-1.7836768129411276,1.7257308217148497,-0.2753033430379314,-2.872691408670195,0.5433537392279053,1000000.0,5.70856294772262,1000000.0,1000000.0,9.714401729770298,1000000.0,0.0,0.0,0.0,0.0,0.0,0.0,0.1713129765593599,-1000000.0,0.0,-1.6686116316240316,-1000000.0,0.0,0.9089632112311996,-1.597467875199266,1.5263751764298332,-0.2547668439438997,-2.5678650434143213,0.4750405858017057,1000000.0,5.0770981785480735,1000000.0,1000000.0,8.663212109382872,1000000.0,0.0,0.0,0.0,0.0,0.0,0.0,True,True
20,cover,3,0.0810147740225755,-1000000.0,0.0,-2.1155652183140035,-1000000.0,0.0,1.4389037468265098,-0.844320325801073,3.494518250159505,-0.0009947177533433,-2.523242908961308,1.7465010060591952,1000000.0,7.872231621301025,1000000.0,1000000.0,1000000.0,1000000.0,0.0,0.0,0.0,0.0,0.0,0.0826315023715071,-1000000.0,0.0,-1.8624646461965424,-1000000.0,0.0,1.287361633607608,-0.7459238210274535,3.059448244180776,0.0077637290990946,-2.23798714414637,1.5231129494267348,1000000.0,6.912492864314753,1000000.0,1000000.0,1000000.0,1000000.0,0.0,0.0,0.0,0.0,0.0,0.0,0.084439552610446,-1000000.0,0.0,-1.6424437253476558,-1000000.0,0.0,1.125563952419201,-0.6730731964025045,2.7223987556998988,0.0226871676843938,-1.9944340767555409,1.3473933382842995,1000000.0,6.143053490065762,1000000.0,1000000.0,1000000.0,1000000.0,0.0,0.0,0.0,0.0,0.0,0.0,False,False
21,coat,1,0.5897946131190999,-1000000.0,0.0,-1.5568488290662934,-1000000.0,0.0,1.6622300065036877,-1.5843709537736306,3.293533705983013,0.3339323794113049,-2.951222216837749,1.243480616130836,1000000.0,9.132076302104934,1000000.0,1000000.0,1000000.0,1000000.0,0.0,0.0,0.0,0.0,0.0,0.5245566892393771,-1000000.0,0.0,-1.3733082831757368,-1000000.0,0.0,1.4829065242968866,-1.386576832766834,2.8834816919564847,0.2814066801683204,-2.595250266235892,1.0823830008091404,1000000.0,7.9745904357681505,1000000.0,1000000.0,1000000.0,1000000.0,0.0,0.0,0.0,0.0,0.0,0.0,0.4559555700631144,-1000000.0,0.0,-1.2362988676565347,-1000000.0,0.0,1.2995876595994549,-1.245347781147439,2.565833010323036,0.2658853989011422,-2.315439600737795,0.9549409843780196,1000000.0,7.089855807807407,1000000.0,1000000.0,1000000.0,1000000.0,0.0,0.0,0.0,0.0,0.0,0.0,True,True
22,crash,3,0.9934596133966328,-1000000.0,0.0,-2.135222184932786,-1000000.0,0.0,1.0705902559808145,-0.154624155227772,3.76221701169435,-0.3917608223508608,-1.5996154096012098,2.1948118861030466,1000000.0,6.34297947772256,1000000.0,1000000.0,11.56967930910685,1000000.0,1000000.0,0.0,0.0,0.0,0.0,0.8692673979581738,-1000000.0,0.0,-1.863872010569965,-1000000.0,0.0,0.9553378074980632,-0.1343359902290668,3.2935010170333987,-0.3342102787282055,-1.4315631991897284,1.916856717189121,1000000.0,5.574214264349432,1000000.0,1000000.0,10.120947967049725,1000000.0,0.0,0.0,0.0,0.0,0.0,0.0,0.7729284267038423,-1000000.0,0.0,-1.6586881827025977,-1000000.0,0.0,0.830555799358768,-0.139910305307767,2.930180408668108,-0.2900830582147833,-1.254145136358467,1.6991601992170784,1000000.0,4.962100432248798,1000000.0,1000000.0,9.004684309205427,1000000.0,1000000.0,0.0,0.0,0.0,0.0,0.0,False,False
23,chip,1,0.4940301843827956,-1000000.0,0.0,-3.986446875470485,-1000000.0,0.0,1.7180326548927312,-0.4058703229169769,3.5613841092966423,-0.0569499011236231,-1.8757085342846975,1.7805713357586723,1000000.0,4.836718451561169,0.0,1000000.0,10.403637201163786,0.0,0.0,0.0,0.0,0.0,0.0,0.4440329184803477,-1000000.0,0.0,-3.491729376619995,-1000000.0,0.0,1.4634437351553409,-0.3481567127317628,3.117843920885091,-0.0509996591812171,-1.6485291070920898,1.5533673296787711,1000000.0,4.227393450730438,0.0,1000000.0,9.086239549441482,0.0,0.0,0.0,0.0,0.0,0.0,0.0,0.3970666279365318,-1000000.0,0.0,-3.116194130165823,-1000000.0,0.0,1.3258539270264738,-0.3168300348603354,2.7741442412103177,-0.0122794000802155,-1.4955642927730572,1.3748107388751103,1000000.0,3.791359832105544,0.0,1000000.0,8.102554989050486,0.0,0.0,0.0,0.0,0.0,0.0,0.0,True,True
24,draw,3,1.1847361739700126,-1000000.0,0.0,-1.704764801096367,-1000000.0,0.0,1.9078487652587643,-0.4237529083447118,5.123982458713977,0.3116465199139995,-2.081102165311851,3.661837035848703,6.874901555409945,6.659576148140329,0.0,1000000.0,11.370579271217784,1000000.0,0.0,0.0,0.0,0.0,0.0,1.047116644139896,-1000000.0,0.0,-1.474737689249885,-1000000.0,0.0,1.6685980461827796,-0.3902689250306679,4.485229463582357,0.2814499137914339,-1.824552587906875,3.2057473042363456,6.017113976098283,5.864698911908115,0.0,1000000.0,9.948734923539435,1000000.0,0.0,0.0,0.0,0.0,0.0,0.0,0.9576405691148846,-1000000.0,0.0,-1.322107587414429,-1000000.0,0.0,1.4821236353792635,-0.3595473636372563,3.989760467991596,0.2054146840151229,-1.6563203434515614,2.85229109066568,5.358069891286721,5.216388823883731,0.0,1000000.0,8.832815385723073,1000000.0,0.0,0.0,0.0,0.0,0.0,0.0,False,False
25,write,1,1.1386796158606582,-1000000.0,0.0,-2.6664380226315,-1000000.0,0.0,1.517065233389829,-1.952866207046464,2.179643122917736,-0.0909231428401824,-3.3402490664180107,0.4594911104134427,1000000.0,6.791166680976193,0.0,1000000.0,10.65018711529041,1000000.0,0.0,0.0,0.0,0.0,0.0,0.9966720775131072,-1000000.0,0.0,-2.3727700663683944,-1000000.0,0.0,1.3264967519588975,-1.7188623434562542,1.900864024303222,-0.0813664009220875,-2.92532730666194,0.3948927908744064,1000000.0,5.948557238470077,0.0,1000000.0,9.3030193175928,1000000.0,0.0,0.0,0.0,0.0,0.0,0.0,0.8986319453087095,-1000000.0,0.0,-2.093882540872752,-1000000.0,0.0,1.1865927021234768,-1.5410406272619843,1.6819144870903475,-0.0751270920153643,-2.6245804719024832,0.3423903205420444,1000000.0,5.314069876755608,0.0,1000000.0,8.292313409610223,1000000.0,0.0,0.0,0.0,0.0,0.0,0.0,True,True
26,drop,4,0.9575772798009564,-1000000.0,0.0,-1.2974472692496963,-1000000.0,0.0,2.0083324729961447,-1.067651090707022,3.483702783391676,0.7134079055861218,-2.231831991991534,1.6906255171298366,1000000.0,10.316033578018388,1000000.0,1000000.0,1000000.0,1000000.0,0.0,0.0,0.0,0.0,0.0,0.8559401482043896,-1000000.0,0.0,-1.153756978555446,-1000000.0,0.0,1.7858719645055885,-0.9608520291071424,3.050371240043922,0.6232493614781784,-1.972447329769925,1.4743783558453822,1000000.0,8.991920166036131,1000000.0,1000000.0,1000000.0,1000000.0,0.0,0.0,0.0,0.0,0.0,0.0,0.7547109709771984,-1000000.0,0.0,-1.043831737045572,-1000000.0,0.0,1.569042845378684,-0.8553633232839033,2.714877335071699,0.5613260886386993,-1.7578252689099916,1.304405493790069,1000000.0,8.030042056315164,1000000.0,1000000.0,1000000.0,1000000.0,0.0,0.0,0.0,0.0,0.0,0.0,False,False
27,roll,1,1.7270154317251158,-1000000.0,0.0,-1.0039366303354385,-1000000.0,0.0,1.1821702305001214,-0.4111362920704575,3.795899842071712,-0.3024132975762335,-2.214885903200031,2.1380890067428027,1000000.0,8.986772448623134,1000000.0,1000000.0,1000000.0,1000000.0,1000000.0,0.0,0.0,0.0,0.0,1.5090678437603149,-1000000.0,0.0,-0.8700552643715813,-1000000.0,0.0,1.0334467572863648,-0.3782723060024304,3.323203439220932,-0.2560504962621301,-1.9503806466248044,1.866496602508933,1000000.0,7.871474506600921,1000000.0,1000000.0,1000000.0,1000000.0,1000000.0,0.0,0.0,0.0,0.0,0.0,1.338936535894338,-1000000.0,0.0,-0.8017229416763243,-1000000.0,0.0,0.9260317780867542,-0.3133451888962266,2.956915524234513,-0.2206913442164584,-1.7504553617289726,1.6535165257804234,1000000.0,6.997748983299025,1000000.0,1000000.0,1000000.0,1000000.0,1000000.0,0.0,0.0,0.0,0.0,0.0,True,True
28,fire,4,0.9635116227096994,-1000000.0,0.0,-1.7419753278053918,-1000000.0,0.0,1.4499845390321902,-1.7196086167991993,2.2646167229088032,-0.1573191675165937,-3.3743640217001385,0.1061733534392752,1000000.0,6.256235919046001,0.0,1000000.0,10.332173241797747,1000000.0,0.0,0.0,0.0,0.0,0.0,0.8564953103745641,-1000000.0,0.0,-1.5314493678691663,-1000000.0,0.0,1.2482213101095372,-1.5055413125964252,1.9725980590735956,-0.1290237937363922,-2.974606585579963,0.0799033668773629,1000000.0,5.441951727967799,0.0,1000000.0,9.04921508016779,1000000.0,0.0,0.0,0.0,0.0,0.0,0.0,0.7682856034559542,-1000000.0,0.0,-1.373494638664912,-1000000.0,0.0,1.1081444019525062,-1.3610814117074836,1.7428645202050452,-0.1163517695842522,-2.6598782562225125,0.0547984283931572,1000000.0,4.847178380901492,0.0,1000000.0,8.049395770742638,1000000.0,0.0,0.0,0.0,0.0,0.0,0.0,False,True
29,sack,1,0.5593981109147936,-1000000.0,0.0,-2.700181176724028,-1000000.0,0.0,1.7064056216064287,-1.8295784582386627,1.245373276251148,-0.0687172315942135,-3.160091854799685,-0.6999638035470106,1000000.0,7.760102446373653,1000000.0,1000000.0,1000000.0,1000000.0,0.0,0.0,0.0,0.0,0.0,0.525512151778317,-1000000.0,0.0,-2.363277025862597,-1000000.0,0.0,1.5015246172566403,-1.620252667914257,1.0771645561652292,-0.0426717356939416,-2.756731479855647,-0.6268892040796512,1000000.0,6.8041946269155,1000000.0,1000000.0,1000000.0,1000000.0,0.0,0.0,0.0,0.0,0.0,0.0,0.4720019798291908,-1000000.0,0.0,-2.1342314648959544,-1000000.0,0.0,1.3327356485714077,-1.444333978099151,0.941743904116434,-0.0323903443559281,-2.4736413836093405,-0.5749525085281801,1000000.0,6.020165128666788,1000000.0,1000000.0,1000000.0,1000000.0,0.0,0.0,0.0,0.0,0.0,0.0,True,True
30,fold,4,-0.4823085130170774,-1000000.0,0.0,-2.4283122039174803,-1000000.0,0.0,1.4613150984099637,-2.161216198032214,1.82009774018772,0.2000322733398398,-3.3693031847512103,0.3783219489459331,1000000.0,9.719347066000246,0.0,1000000.0,1000000.0,1000000.0,0.0,0.0,0.0,0.0,0.0,-0.4295079242754198,-1000000.0,0.0,-2.1314946709376663,-1000000.0,0.0,1.2777344675773037,-1.898285164546828,1.5846141207958206,0.1837014815486064,-2.9575166713938463,0.3205893326749507,1000000.0,8.484982133611998,0.0,1000000.0,1000000.0,1000000.0,0.0,0.0,0.0,0.0,0.0,0.0,-0.4049905131667639,-1000000.0,0.0,-1.9153555225676069,-1000000.0,0.0,1.125750985166599,-1.7233570142855577,1.3989104749130803,0.1443288088845324,-2.632775950247395,0.2714975439066105,1000000.0,7.558498740205287,0.0,1000000.0,1000000.0,1000000.0,0.0,0.0,0.0,0.0,0.0,0.0,False,False
31,stretch,1,0.498660941594041,-1000000.0,0.0,-3.267478286448963,-1000000.0,0.0,0.9141821226828046,-2.4538436871064477,1.118678071647475,-0.8051679115459223,-3.840861862683445,-0.2094696457455436,6.385579108182743,3.742814221222607,0.0,1000000.0,6.040435743937287,0.0,0.0,0.0,0.0,0.0,0.0,0.4727685383655711,-1000000.0,0.0,-2.863531541975369,-1000000.0,0.0,0.8476165510177047,-2.1658281417346537,0.9724820319597542,-0.7257907078867873,-3.3912874168625557,-0.189684722603185,5.589644440183118,3.270122600400147,0.0,1000000.0,5.288657722361506,0.0,0.0,0.0,0.0,0.0,0.0,0.0,0.421289599153809,-1000000.0,0.0,-2.56304063011814,-1000000.0,0.0,0.7343750285128792,-1.9112529613434504,0.856911701630886,-0.6130331364189754,-3.0205635423223125,-0.1761820633904651,4.985161314894754,2.9315909737326717,0.0,1000000.0,4.723544828543682,0.0,0.0,0.0,0.0,0.0,0.0,0.0,True,True
32,hack,4,0.6004845711890567,-1000000.0,0.0,-1.8746928803965552,-1000000.0,0.0,1.7627498849042755,-1.7502245310847222,2.490390824468548,0.3339556816630917,-3.058796571658224,0.7058639822007713,1000000.0,7.035815301094916,1000000.0,1000000.0,1000000.0,1000000.0,0.0,0.0,0.0,0.0,0.0,0.5433624711148646,-1000000.0,0.0,-1.6272970438139556,-1000000.0,0.0,1.531926532534996,-1.5399203545679896,2.181213725121075,0.2521811915070522,-2.686941795111956,0.6108148869172423,1000000.0,6.152091039123758,1000000.0,1000000.0,1000000.0,1000000.0,0.0,0.0,0.0,0.0,0.0,0.0,0.4851804866127054,-1000000.0,0.0,-1.470868436841334,-1000000.0,0.0,1.3780064933431682,-1.3716023841750389,1.9422794156923529,0.2574515146461706,-2.393329297774564,0.5345678211524794,1000000.0,5.49415062007868,1000000.0,1000000.0,1000000.0,1000000.0,0.0,0.0,0.0,0.0,0.0,0.0,False,False
33,chop,1,-0.8314733941211045,-1000000.0,0.0,-3.0740230842111096,-1000000.0,0.0,1.573025968515914,-2.484890561954505,-0.0114531072633603,0.3451899977567194,-3.782153367260209,-1.3973316608229718,1000000.0,7.538767578687598,0.0,1000000.0,1000000.0,0.0,0.0,0.0,0.0,0.0,0.0,-0.7470702464860697,-1000000.0,0.0,-2.705511773760387,-1000000.0,0.0,1.404966887608616,-2.171628075493076,-0.0262526408933903,0.291376219365425,-3.347828083751833,-1.2398749726081482,1000000.0,6.602526434094402,0.0,1000000.0,1000000.0,0.0,0.0,0.0,0.0,0.0,0.0,0.0,-0.6467008701316566,-1000000.0,0.0,-2.4115281395793744,-1000000.0,0.0,1.213030290592657,-1.9319540165152984,-0.0429163791787141,0.2750914016597559,-2.9798321933001635,-1.1226840051093347,1000000.0,5.878041336642537,0.0,1000000.0,1000000.0,0.0,0.0,0.0,0.0,0.0,0.0,0.0,True,True
34,hit,3,0.2232141084080154,-1000000.0,0.0,-3.118084415295238,-1000000.0,0.0,1.907847819582006,-0.4869475168887796,3.71788331409928,0.85853785099793,-1.2283294029150316,2.429566056983399,1000000.0,7.514915350675261,0.0,1000000.0,1000000.0,1000000.0,0.0,0.0,0.0,0.0,0.0,0.2197265537992621,-1000000.0,0.0,-2.758439855621978,-1000000.0,0.0,1.65886536469481,-0.4428974315016525,3.25506341279716,0.7502893352640871,-1.0853429560063033,2.122610051334725,1000000.0,6.580213182822337,0.0,1000000.0,1000000.0,1000000.0,0.0,0.0,0.0,0.0,0.0,0.0,0.1909723169042099,-1000000.0,0.0,-2.453423659459657,-1000000.0,0.0,1.4735374660866878,-0.3948218740603648,2.896523841108796,0.6572162268361996,-0.953069766284936,1.882498671049034,1000000.0,5.856405362473566,0.0,1000000.0,1000000.0,1000000.0,0.0,0.0,0.0,0.0,0.0,0.0,False,False
35,kick,1,1.1031021655853015,-1000000.0,0.0,-2.113103302830785,-1000000.0,0.0,2.030618015981192,-0.2658425930435921,4.119498194718005,0.4006887786884832,-1.8337663394178243,2.071581843895069,1000000.0,9.512904864630253,1000000.0,1000000.0,1000000.0,1000000.0,0.0,0.0,0.0,0.0,0.0,0.9835113581800544,-1000000.0,0.0,-1.8599802418278253,-1000000.0,0.0,1.7663227843248066,-0.2313956741252179,3.6062825922350488,0.3493857803632245,-1.607098904392167,1.8086770922417117,1000000.0,8.333588091123953,1000000.0,1000000.0,1000000.0,1000000.0,0.0,0.0,0.0,0.0,0.0,0.0,0.8558290100374482,-1000000.0,0.0,-1.660621819008357,-1000000.0,0.0,1.569045584148947,-0.2348268985260286,3.208440892423768,0.3089416826874238,-1.444603371835643,1.602580598830924,1000000.0,7.397917578081412,1000000.0,1000000.0,1000000.0,1000000.0,0.0,0.0,0.0,0.0,0.0,0.0,True,True
36,kill,3,1.5987893787894212,-1000000.0,0.0,-1.12242537037109,-1000000.0,0.0,1.964014025884348,-0.4318725352416681,4.253928049112312,0.5910391430537008,-1.9414155325966649,2.5173686572854947,7.001907311573085,4.114676415767756,1000000.0,1000000.0,9.567517858682285,1000000.0,0.0,0.0,0.0,0.0,0.0,1.4214372929328736,-1000000.0,0.0,-0.9897115318349368,-1000000.0,0.0,1.7084116530959663,-0.3855313910656814,3.724464720346604,0.5264291893064588,-1.679299433329163,2.198399264481746,6.136676240836852,3.5885196790989102,1000000.0,1000000.0,8.355624725535673,1000000.0,0.0,0.0,0.0,0.0,0.0,0.0,1.274057036055014,-1000000.0,0.0,-0.875419048934015,-1000000.0,0.0,1.526842220063605,-0.3528241833933316,3.3142739162765635,0.4759069810337752,-1.5318582888560002,1.948703896644206,5.462675100182846,3.209534832595642,1000000.0,1000000.0,7.450135873135277,1000000.0,0.0,0.0,0.0,0.0,0.0,0.0,False,False
37,murder,1,1.8454157302622995,-1000000.0,0.0,-1.6367144970445668,-1000000.0,0.0,1.72930506265563,0.0008347685162544,4.956449566867885,0.1330839925145461,-1.1322195755437896,3.829255257199848,1000000.0,7.369878956811794,1000000.0,1000000.0,11.988256930209957,1000000.0,0.0,0.0,0.0,0.0,0.0,1.6135749073315626,-1000000.0,0.0,-1.4409280531894293,-1000000.0,0.0,1.5124710440700486,-0.0086383408432757,4.338496663075752,0.1449834653390418,-1.0036236574882444,3.352244526015969,1000000.0,6.472833133021231,1000000.0,1000000.0,10.50677606227655,1000000.0,0.0,0.0,0.0,0.0,0.0,0.0,1.4458197258576568,-1000000.0,0.0,-1.2637669744642004,-1000000.0,0.0,1.3523244669551424,-0.0117387074934303,3.8591264491450974,0.1278942651123635,-0.90927214201748,2.982521244584903,1000000.0,5.778176506485838,1000000.0,1000000.0,9.3259725239733,1000000.0,0.0,0.0,0.0,0.0,0.0,0.0,True,True
38,know,5,1.1800330289021996,-1000000.0,0.0,-1.4522556135031728,-1000000.0,0.0,1.7185154361959718,-1.4827237120345718,-2.537926826540051,0.3902186055662469,-2.7681500177279545,-3.997749155845117,5.555493068317979,-1.3674877997299628,0.0,6.89853580418252,1.0558227377871567,0.0,0.0,0.0,0.0,0.0,0.0,1.040214273791321,-1000000.0,0.0,-1.2822241986349177,-1000000.0,0.0,1.5229964679039796,-1.3159072481333842,-2.252211176819671,0.3704961048230508,-2.422594528281878,-3.530659809695165,4.874820418763386,-1.1820923750598658,0.0,6.0184739709461805,0.9500704220121658,0.0,0.0,0.0,0.0,0.0,0.0,0.0,0.9349047653972492,-1000000.0,0.0,-1.1491727822572315,-1000000.0,0.0,1.327584674253,-1.1817663062522057,-2.036078534223853,0.3289346177042045,-2.1670606075483176,-3.1734620014180663,4.326755079395779,-1.036274836532483,0.0,5.361312486212601,0.8362337771507438,0.0,0.0,0.0,0.0,0.0,0.0,0.0,False,False
39,understand,1,-0.7142849755754916,-1000000.0,0.0,-3.4646113912719763,-1000000.0,0.0,0.9813302010223026,-1.470969584835785,3.4272793942358577,-0.3134351268529158,-2.7146196570370176,2.1721954099444094,1000000.0,7.48117908947239,1000000.0,1000000.0,1000000.0,1000000.0,0.0,0.0,0.0,0.0,0.0,-0.6152344672827894,-1000000.0,0.0,-3.032559807907923,-1000000.0,0.0,0.8577045185865941,-1.2956136296273844,3.0002903694120318,-0.2558372834714184,-2.3965856345817684,1.8967207779427413,1000000.0,6.589418968070808,1000000.0,1000000.0,1000000.0,1000000.0,0.0,0.0,0.0,0.0,0.0,0.0,-0.5555562391129882,-1000000.0,0.0,-2.7150586969195185,-1000000.0,0.0,0.778486972531665,-1.171827953733402,2.6693434015928306,-0.2463034781875794,-2.145857715378379,1.6807556675789872,1000000.0,5.855423663789583,1000000.0,1000000.0,1000000.0,1000000.0,0.0,0.0,0.0,0.0,0.0,0.0,True,False
40,meet,4,2.055290385849972,-1000000.0,0.0,-1.2145195090646477,-1000000.0,0.0,1.6400507130930642,-0.635527990804329,4.019554060143015,0.0660916699322236,-1.9795765609425933,2.194292904380781,5.310365011093738,3.528681443247152,0.0,6.552882309675075,7.537218392697277,0.0,1000000.0,0.0,0.0,0.0,0.0,1.8006286271657146,-1000000.0,0.0,-1.0336014961525208,-1000000.0,0.0,1.4441823520770445,-0.5556174945448404,3.5193866042825657,0.0666202493419696,-1.734781368058247,1.916089759876998,4.65584574684552,3.060696203832034,0.0,5.726152528021554,6.589701907523502,0.0,1000000.0,0.0,0.0,0.0,0.0,0.0,1.6015633462405034,-1000000.0,0.0,-0.9286431737970346,-1000000.0,0.0,1.2829238524411295,-0.5150335598163798,3.13198188320887,0.0492382995842248,-1.5582971129510508,1.6981700428113031,4.141235726373937,2.7325641790318507,0.0,5.084726047291939,5.881425730211438,0.0,1000000.0,0.0,0.0,0.0,0.0,0.0,False,False
41,encounter,1,1.5936668979921311,-1000000.0,0.0,-0.5344746308526531,-1000000.0,0.0,1.874050536063569,-0.97301133490296,3.5402381219201,0.2670234828729256,-2.2500913822285167,2.1477948306064647,1000000.0,7.324845711620097,0.0,1000000.0,1000000.0,1000000.0,0.0,0.0,0.0,0.0,0.0,1.383231675099074,-1000000.0,0.0,-0.4649181039067684,-1000000.0,0.0,1.6582636863638314,-0.8822357323029877,3.1005967477478773,0.2425419266367328,-1.98270419645732,1.8742732786257523,1000000.0,6.403946568174181,0.0,1000000.0,1000000.0,1000000.0,0.0,0.0,0.0,0.0,0.0,0.0,1.22788901587984,-1000000.0,0.0,-0.4182034515380017,-1000000.0,0.0,1.4551931642795548,-0.807711492888969,2.760554441542331,0.2145429113077952,-1.77188989422861,1.659834923762399,1000000.0,5.690608710519234,0.0,1000000.0,1000000.0,1000000.0,0.0,0.0,0.0,0.0,0.0,0.0,True,False
42,pass,5,1.0793186338389162,-1000000.0,0.0,-1.8480412023549349,-1000000.0,0.0,1.405519537353534,-1.069098418820376,3.3382955955767297,-0.3247298623751931,-2.533861662636957,1.4679409800921146,1000000.0,8.837173710836666,1000000.0,1000000.0,1000000.0,1000000.0,0.0,0.0,0.0,0.0,0.0,0.9519688061770264,-1000000.0,0.0,-1.6294329678559638,-1000000.0,0.0,1.2192183698354526,-0.9535439700875408,2.9227848448297067,-0.2755249766511305,-2.237259116480274,1.2797331975299049,1000000.0,7.683363209606445,1000000.0,1000000.0,1000000.0,1000000.0,0.0,0.0,0.0,0.0,0.0,0.0,0.8561839685519104,-1000000.0,0.0,-1.4782220477024968,-1000000.0,0.0,1.0739643545521549,-0.8507081456433898,2.600966187571576,-0.2551290160122086,-2.0027902129042445,1.1314960501523066,1000000.0,6.87570850902938,1000000.0,1000000.0,1000000.0,1000000.0,0.0,0.0,0.0,0.0,0.0,0.0,False,False
43,toss,1,0.444798336698561,-1000000.0,0.0,-3.0016499519108333,-1000000.0,0.0,1.9298245115542687,-0.6820031148876158,3.595129262484029,0.5121890815158032,-2.1188964977691214,2.0261342981075705,1000000.0,4.290652315346627,0.0,1000000.0,8.997690940276847,0.0,0.0,0.0,0.0,0.0,0.0,0.3975918842206063,-1000000.0,0.0,-2.6520877228566047,-1000000.0,0.0,1.677773617721547,-0.5782096972635218,3.147671963833865,0.4566424649305389,-1.8698815626313452,1.7683170868917166,1000000.0,3.779520389968616,0.0,1000000.0,7.841693542805374,0.0,0.0,0.0,0.0,0.0,0.0,0.0,0.3388227272825226,-1000000.0,0.0,-2.359598515709518,-1000000.0,0.0,1.5158629554511087,-0.5196335288085017,2.801088502194452,0.3955515628754806,-1.6898057520239522,1.5660215779767368,1000000.0,3.3421352103233275,0.0,1000000.0,7.009793152055928,0.0,0.0,0.0,0.0,0.0,0.0,0.0,True,True
44,pinch,4,0.4137371104460108,-1000000.0,0.0,-2.46294981753252,-1000000.0,0.0,1.8183442078271737,-0.902602391808303,3.550871481150759,0.1549649488739533,-2.290946531123192,1.4981823223806403,1000000.0,4.80479398442838,1000000.0,1000000.0,9.81287063151903,1000000.0,0.0,0.0,0.0,0.0,0.0,0.3626469151492308,-1000000.0,0.0,-2.153448945876102,-1000000.0,0.0,1.5803003615003846,-0.7889665622545543,3.109360803144265,0.1341307500055837,-2.016573465705303,1.3041505067704442,1000000.0,4.22996968014304,1000000.0,1000000.0,8.594482754586025,1000000.0,0.0,0.0,0.0,0.0,0.0,0.0,0.3144564245248347,-1000000.0,0.0,-1.953367741612972,-1000000.0,0.0,1.40334313478583,-0.7048472173442715,2.7676134548492457,0.0998727210762062,-1.808440464209906,1.151014743441383,1000000.0,3.725907148928188,1000000.0,1000000.0,7.631693033940265,1000000.0,0.0,0.0,0.0,0.0,0.0,0.0,False,True
45,grab,1,0.0351791687707692,-1000000.0,0.0,-2.429058781597796,-1000000.0,0.0,1.494597882265726,-1.627351892207507,2.4265039555587897,0.1438407733752704,-3.1045714007308423,0.7295251275038845,1000000.0,9.953310306224193,1000000.0,1000000.0,1000000.0,1000000.0,0.0,0.0,0.0,0.0,0.0,0.0223820471054967,-1000000.0,0.0,-2.1233356471152085,-1000000.0,0.0,1.3066834617593095,-1.4323140278487552,2.1176244275269305,0.1244895670680446,-2.7277436103046284,0.6322765304429288,1000000.0,8.694165063585084,1000000.0,1000000.0,1000000.0,1000000.0,0.0,0.0,0.0,0.0,0.0,0.0,0.0387321855868805,-1000000.0,0.0,-1.9048714562524136,-1000000.0,0.0,1.1685426118163846,-1.2760895146399456,1.875341621300401,0.1260799552005735,-2.4564850742281514,0.5543922968743829,1000000.0,7.71790618435406,1000000.0,1000000.0,1000000.0,1000000.0,0.0,0.0,0.0,0.0,0.0,0.0,True,True
46,pitch,3,1.2242782746296133,-1000000.0,0.0,-1.9798372701335565,-1000000.0,0.0,1.6508822599763209,-0.3667941940698043,3.4718611204764747,0.0547391429170254,-1.6906263307003524,1.8592027059413343,1000000.0,8.625023144536716,1000000.0,1000000.0,1000000.0,1000000.0,0.0,0.0,0.0,0.0,0.0,1.0592510251287184,-1000000.0,0.0,-1.7573220312151625,-1000000.0,0.0,1.4532536486003806,-0.3202491819164335,3.0392252608817465,0.0564857303393804,-1.4826752369095724,1.6224308324089192,1000000.0,7.546386702239632,1000000.0,1000000.0,1000000.0,1000000.0,0.0,0.0,0.0,0.0,0.0,0.0,0.9601546568085784,-1000000.0,0.0,-1.5637019804055825,-1000000.0,0.0,1.290358341996221,-0.2964717920885285,2.7038420557035603,0.0398996301203222,-1.327031477188533,1.436414373264939,1000000.0,6.693009561982261,1000000.0,1000000.0,1000000.0,1000000.0,0.0,0.0,0.0,0.0,0.0,0.0,False,False
47,chuck,1,2.396153203315899,-1000000.0,0.0,-1.4906543250725086,-1000000.0,0.0,1.3050729544593338,0.1780212023661116,4.476339969593202,-0.3801288027855598,-0.7438686652518136,2.976812785546161,1000000.0,5.170916077315223,1000000.0,1000000.0,9.862143896150371,1000000.0,0.0,0.0,0.0,0.0,0.0,2.1138003642775782,-1000000.0,0.0,-1.302261052616668,-1000000.0,0.0,1.1412179467218575,0.145638666694345,3.9181627455536914,-0.3040947385642312,-0.6457632475844193,2.601681723995505,1000000.0,4.490040795215369,1000000.0,1000000.0,8.626897057414467,1000000.0,0.0,0.0,0.0,0.0,0.0,0.0,1.8801968569400955,-1000000.0,0.0,-1.1485348337287942,-1000000.0,0.0,1.013455988320331,0.1246214390418689,3.485146833540894,-0.2973001514374118,-0.6011144172186897,2.308568373968506,1000000.0,4.006745292912886,1000000.0,1000000.0,7.668002674949328,1000000.0,0.0,0.0,0.0,0.0,0.0,0.0,True,True
48,post,4,0.4241580183627711,-1000000.0,0.0,-2.0849936722589977,-1000000.0,0.0,1.137643080601915,-0.7459210345148888,3.114949684146991,-0.0789753871694678,-2.236599859549937,1.4350687912657136,1000000.0,5.841641535205762,1000000.0,1000000.0,1000000.0,1000000.0,0.0,0.0,0.0,0.0,0.0,0.3712534997754275,-1000000.0,0.0,-1.8440113300403649,-1000000.0,0.0,0.9848211287934454,-0.6614921393740012,2.7272062790214973,-0.0701007615948974,-1.960124603710176,1.2514132943044751,1000000.0,5.126599746024248,1000000.0,1000000.0,1000000.0,1000000.0,0.0,0.0,0.0,0.0,0.0,0.0,0.3299717192002056,-1000000.0,0.0,-1.6448135442458138,-1000000.0,0.0,0.9002352454252343,-0.5910270328402651,2.4269000899938087,-0.063721580407055,-1.7592628327202997,1.106830702649262,1000000.0,4.62573770085277,1000000.0,1000000.0,1000000.0,1000000.0,0.0,0.0,0.0,0.0,0.0,0.0,False,False
49,mail,1,1.0809593208840074,-1000000.0,0.0,-2.171998346878277,-1000000.0,0.0,2.153517693447153,-0.8909455109087236,3.539437967920077,0.7358810108486118,-2.324334836006491,1.9928971382518623,6.85776565706276,3.454169055572176,1000000.0,1000000.0,7.05720571999385,1000000.0,0.0,0.0,0.0,0.0,0.0,0.9300632148046208,-1000000.0,0.0,-1.907857190875097,-1000000.0,0.0,1.8934767826142755,-0.7980418108974181,3.0990657781127697,0.6626527426802866,-2.026324238527634,1.7394476587901757,6.00665880847791,3.0385045365436305,1000000.0,1000000.0,6.189174320512512,1000000.0,0.0,0.0,0.0,0.0,0.0,0.0,0.8469756819175505,-1000000.0,0.0,-1.6952221589478338,-1000000.0,0.0,1.6821822684823182,-0.7208863251312918,2.758057330114187,0.5965636890459916,-1.8340159150043345,1.540628719441239,5.348528673195625,2.7016679316106584,1000000.0,1000000.0,5.51692961400336,1000000.0,0.0,0.0,0.0,0.0,0.0,0.0,True,True
50,push,4,2.160265220279122,-1000000.0,0.0,-0.0256345115272615,-1000000.0,0.0,1.8745379574948464,-1.114428664086315,2.6478763346561003,0.0663230982396925,-2.5013852016539406,1.1541453245864677,7.670619405175968,4.870833023457824,0.0,1000000.0,8.880550810871284,0.0,0.0,0.0,0.0,0.0,0.0,1.8916846812690995,-1000000.0,0.0,-0.0244215119951416,-1000000.0,0.0,1.6201144489913464,-1.0034303214800744,2.320256099175732,0.0573087881152787,-2.190127196357846,1.0046880299159255,6.716073020885917,4.267479482132367,0.0,1000000.0,7.758769159818943,0.0,0.0,0.0,0.0,0.0,0.0,0.0,1.6990133074225255,-1000000.0,0.0,-0.0328911333165837,-1000000.0,0.0,1.4306951736772344,-0.8947960388755716,2.067549144093504,0.0325768768657077,-1.96108695979504,0.886768284742395,5.989597727981435,3.792900305097419,0.0,1000000.0,6.884132921007788,0.0,0.0,0.0,0.0,0.0,0.0,0.0,False,False
51,shove,1,0.0334825867998329,-1000000.0,0.0,-1.949060673495259,-1000000.0,0.0,1.4501654582891843,-1.0923614998527889,3.148677983325305,-0.0232833250693929,-2.603992425445373,1.4212140316110062,1000000.0,8.875251782067199,1000000.0,1000000.0,1000000.0,1000000.0,0.0,0.0,0.0,0.0,0.0,0.0488281198871671,-1000000.0,0.0,-1.727686322801146,-1000000.0,0.0,1.2778054413855493,-0.9844915600892216,2.7570014727295264,-0.0311839907781781,-2.300393431252468,1.237414901371927,1000000.0,7.7546123557421796,1000000.0,1000000.0,1000000.0,1000000.0,0.0,0.0,0.0,0.0,0.0,0.0,0.0260420396095817,-1000000.0,0.0,-1.54890801110197,-1000000.0,0.0,1.1171699938956865,-0.8875480140061018,2.4537894463881944,-0.020666087545468,-2.0694820933411275,1.092268085385836,1000000.0,6.902982588188057,1000000.0,1000000.0,1000000.0,1000000.0,0.0,0.0,0.0,0.0,0.0,0.0,True,False
52,reach,3,-0.5189732919967209,-1000000.0,0.0,-3.0472449022304198,-1000000.0,0.0,1.3387876350191696,-1.2575468767872184,2.143979605196127,0.0887084445378292,-2.3789163874342787,1.198925697612898,1000000.0,7.058373442584205,0.0,1000000.0,1000000.0,1000000.0,0.0,0.0,0.0,0.0,0.0,-0.4443359632832244,-1000000.0,0.0,-2.6830743785172544,-1000000.0,0.0,1.190354730668011,-1.1078562308684692,1.8776222990828757,0.0769080419592835,-2.112486403606436,1.043407548322982,1000000.0,6.201242456773072,0.0,1000000.0,1000000.0,1000000.0,0.0,0.0,0.0,0.0,0.0,0.0,-0.4123267414236853,-1000000.0,0.0,-2.401150813636057,-1000000.0,0.0,1.065938101958224,-0.9867714288439702,1.6717359235169509,0.0933287613576361,-1.8926067410891132,0.9202660348670912,1000000.0,5.5209324968104525,0.0,1000000.0,1000000.0,1000000.0,0.0,0.0,0.0,0.0,0.0,0.0,False,False
53,phone,1,1.0909303688778156,-1000000.0,0.0,-2.074982529449839,-1000000.0,0.0,1.5394033492110069,-0.0532641423125141,2.079241017835906,-0.5259973412037517,-1.9021852191391704,0.0782134950796953,1000000.0,3.7656782134801623,0.0,1000000.0,8.009943914178752,0.0,0.0,0.0,0.0,0.0,0.0,0.962306536831356,-1000000.0,0.0,-1.8310563600841585,-1000000.0,0.0,1.3558070281484105,-0.0645289655649454,1.8232202358376453,-0.4813503543891411,-1.6680530538932723,0.0587783971006423,1000000.0,3.280732056396494,0.0,1000000.0,7.026212329453427,0.0,0.0,0.0,0.0,0.0,0.0,0.0,0.8571855006763194,-1000000.0,0.0,-1.6124322152924415,-1000000.0,0.0,1.2126062393001966,-0.0508616814914653,1.6264104252904374,-0.4213058541094625,-1.516747275897453,0.0396433639368671,1000000.0,2.9241862333189363,0.0,1000000.0,6.219783263817567,0.0,0.0,0.0,0.0,0.0,0.0,0.0,True,True
54,recall,3,0.2077216530077876,-1000000.0,0.0,-2.7957209616909235,-1000000.0,0.0,1.6959038251673508,-1.1694758607254787,3.393868450160104,0.1443474279756635,-2.625527192240241,1.70252535950131,7.113751111220651,6.488159216657838,1000000.0,1000000.0,11.837576081241476,1000000.0,0.0,0.0,0.0,0.0,0.0,0.1983015769899783,-1000000.0,0.0,-2.472241331855253,-1000000.0,0.0,1.493026224254601,-1.031594222678902,2.9711402917821146,0.125428797703325,-2.319206447792846,1.4850426594232955,6.234942563619285,5.662242561239867,1000000.0,1000000.0,10.326068534169654,1000000.0,0.0,0.0,0.0,0.0,0.0,0.0,0.1767742043915827,-1000000.0,0.0,-2.221701421889076,-1000000.0,0.0,1.3435379362068804,-0.9453971702020468,2.64355768272061,0.1016386467086878,-2.085581831973105,1.313964739857128,5.550573776498919,5.066165991531124,1000000.0,1000000.0,9.204404972765376,1000000.0,0.0,0.0,0.0,0.0,0.0,0.0,False,False
55,remove,1,1.4915140010093817,-1000000.0,0.0,-1.6367760198179333,-1000000.0,0.0,1.271485711710497,-0.8138026533276079,2.3009717670352563,-0.2242426160145001,-2.5493992533857703,0.4703258338882277,1000000.0,8.975989912417106,1000000.0,1000000.0,1000000.0,1000000.0,0.0,0.0,0.0,0.0,0.0,1.3120875822937528,-1000000.0,0.0,-1.4350714190092742,-1000000.0,0.0,1.0920462865700085,-0.7115226288274936,2.015805102539733,-0.1973585559612605,-2.2534763973851817,0.4028623204133268,1000000.0,7.8722877140158705,1000000.0,1000000.0,1000000.0,1000000.0,0.0,0.0,0.0,0.0,0.0,0.0,1.1584858722034586,-1000000.0,0.0,-1.2933113465657549,-1000000.0,0.0,0.9780558762534036,-0.6360065224996161,1.7957083852758648,-0.1857009180267628,-2.0197626350177265,0.3466010775364037,1000000.0,7.007657436526424,1000000.0,1000000.0,1000000.0,1000000.0,0.0,0.0,0.0,0.0,0.0,0.0,True,True
56,save,3,0.2008933444757357,-1000000.0,0.0,-2.483245209624519,-1000000.0,0.0,1.461274741290465,-1.884116598077636,1.6831320830795935,0.0547627002141268,-3.1594529935704223,-0.0267747028056417,1000000.0,9.206668118340884,0.0,1000000.0,1000000.0,1000000.0,0.0,0.0,0.0,0.0,0.0,0.18554678378168,-1000000.0,0.0,-2.159926877524315,-1000000.0,0.0,1.258160531853591,-1.6572574799907531,1.461683937812138,0.0663063442563984,-2.7459358697244767,-0.0358638564626652,1000000.0,8.085797202771115,0.0,1000000.0,1000000.0,1000000.0,0.0,0.0,0.0,0.0,0.0,0.0,0.147568739117256,-1000000.0,0.0,-1.9485571282998608,-1000000.0,0.0,1.1169929755201533,-1.4680844131077766,1.2851311368783778,0.0571524058455459,-2.4721133937343165,-0.047507200504528,1000000.0,7.2001106177215535,0.0,1000000.0,1000000.0,1000000.0,0.0,0.0,0.0,0.0,0.0,0.0,False,False
57,earn,1,1.6212520479023418,-1000000.0,0.0,-2.51220111042457,-1000000.0,0.0,1.271364865415627,-2.097878271948849,0.8524060090636594,-0.3251496039188666,-3.618406827300367,-0.6188202625142019,1000000.0,7.303200542804596,0.0,1000000.0,1000000.0,0.0,0.0,0.0,0.0,0.0,0.0,1.4215853023190252,-1000000.0,0.0,-2.2148750685970318,-1000000.0,0.0,1.1601534799879545,-1.835668762152528,0.7319969877427939,-0.2764319707779332,-3.177632223916266,-0.5542075789922576,1000000.0,6.375827300794692,0.0,1000000.0,1000000.0,0.0,0.0,0.0,0.0,0.0,0.0,0.0,1.2875988897254729,-1000000.0,0.0,-1.958972533910254,-1000000.0,0.0,1.0470679438046524,-1.6535193657550051,0.6335333078628294,-0.2655810873918742,-2.8480346009853905,-0.5085812676195962,1000000.0,5.7008618844881065,0.0,1000000.0,1000000.0,0.0,0.0,0.0,0.0,0.0,0.0,0.0,True,True
58,see,5,0.8025985444445869,-1000000.0,0.0,-1.2731607633810622,-1000000.0,0.0,1.7513499127621746,-2.351688621847492,-0.4353104814539268,0.1553995824271901,-4.015960326947901,-2.1754162133558967,1000000.0,8.591821174770763,0.0,1000000.0,1000000.0,0.0,0.0,0.0,0.0,0.0,0.0,0.7355066823369985,-1000000.0,0.0,-1.1299374026302864,-1000000.0,0.0,1.5215840669700889,-2.056021502044163,-0.3970025034943321,0.1545457941917103,-3.55196950235864,-1.9190967710171456,1000000.0,7.532222981276169,0.0,1000000.0,1000000.0,0.0,0.0,0.0,0.0,0.0,0.0,0.0,0.6355881781443244,-1000000.0,0.0,-1.0214063135444107,-1000000.0,0.0,1.342412739962553,-1.8380966588491263,-0.3723434125713245,0.1359423948686569,-3.160712010008554,-1.7248067373242382,1000000.0,6.698063443709531,0.0,1000000.0,1000000.0,0.0,0.0,0.0,0.0,0.0,0.0,0.0,False,False
59,sense,1,0.4941638147637928,-1000000.0,0.0,-1.8374863044827805,-1000000.0,0.0,1.5617028902900234,-2.039290887215417,-1.4649811432951347,0.3117190503584339,-3.7824688873989674,-3.2882249829289902,5.87379352592064,5.652015319526171,0.0,1000000.0,9.421770671906042,0.0,0.0,0.0,0.0,0.0,0.0,0.4306743740129821,-1000000.0,0.0,-1.605894487960013,-1000000.0,0.0,1.3460113212979294,-1.7728507069449009,-1.2994065954603506,0.2717655049075755,-3.3188481152809555,-2.896665341636316,5.138518643077315,4.941318093398664,0.0,1000000.0,8.212686511045163,0.0,0.0,0.0,0.0,0.0,0.0,0.0,0.4194382837661585,-1000000.0,0.0,-1.4404909201327245,-1000000.0,0.0,1.2211649839161574,-1.577934407487363,-1.1759388282005476,0.2401744665086127,-2.9713363989612427,-2.597635672617759,4.568967092049464,4.409285444068749,0.0,1000000.0,7.326526965616065,0.0,0.0,0.0,0.0,0.0,0.0,0.0,True,False
60,set,4,1.2926967001349432,-1000000.0,0.0,-1.3943405761441952,-1000000.0,0.0,1.483516357864081,-0.9923236617848374,3.56163235777084,0.1215440727440047,-2.2024251432565585,2.2060093183345986,1000000.0,7.169609599855721,1000000.0,1000000.0,11.240958344722335,1000000.0,0.0,0.0,0.0,0.0,0.0,1.1200982486154647,-1000000.0,0.0,-1.2310400550560878,-1000000.0,0.0,1.316635729201744,-0.8872807632876345,3.118344717484942,0.0954112068811738,-1.9398024411295167,1.92666977594458,1000000.0,6.278712295554328,1000000.0,1000000.0,9.858245885448458,1000000.0,0.0,0.0,0.0,0.0,0.0,0.0,0.9942174678005032,-1000000.0,0.0,-1.1052699933057664,-1000000.0,0.0,1.194980615386898,-0.8096734284378213,2.774995246510701,0.0746953763898652,-1.7317741800782225,1.707890204675654,1000000.0,5.588914982398895,1000000.0,1000000.0,8.75880382611263,1000000.0,0.0,0.0,0.0,0.0,0.0,0.0,False,False
61,place,1,1.5166055234606244,-1000000.0,0.0,-1.1784614969880387,-1000000.0,0.0,1.8745324365800968,-0.8234278020485206,3.7625420205276505,0.3009005131331079,-2.444850524818799,1.8255488568102225,1000000.0,5.630041791490141,1000000.0,1000000.0,10.114177186509645,1000000.0,0.0,0.0,0.0,0.0,0.0,1.3552838343765998,-1000000.0,0.0,-1.017097392455634,-1000000.0,0.0,1.649463934836472,-0.7286977162027206,3.2941563120124133,0.2823383254742246,-2.149879721458273,1.59303775062516,1000000.0,4.912631276923912,1000000.0,1000000.0,8.86298089451488,1000000.0,0.0,0.0,0.0,0.0,0.0,0.0,1.2122525640139037,-1000000.0,0.0,-0.904443675633498,-1000000.0,0.0,1.4741402307503648,-0.6585986547561129,2.931296484079101,0.2590745884043457,-1.924956750551388,1.4104925334450489,1000000.0,4.384462535550159,1000000.0,1000000.0,7.883535173348526,1000000.0,0.0,0.0,0.0,0.0,0.0,0.0,True,True
62,shoot,4,-0.6473208672807313,-1000000.0,0.0,-3.5128862775738607,-1000000.0,0.0,1.617390321243661,-0.3661098391758086,3.572521200087181,0.4120051937464417,-1.308864613909262,2.150033532695815,1000000.0,9.059551381533968,0.0,1000000.0,1000000.0,1000000.0,0.0,0.0,0.0,0.0,0.0,-0.5615234531302367,-1000000.0,0.0,-3.102497822065171,-1000000.0,0.0,1.4434364540787818,-0.3382515926629299,3.1275592295235324,0.3790366658740716,-1.1673357093187873,1.877508751466494,1000000.0,7.925751652805121,0.0,1000000.0,1000000.0,1000000.0,0.0,0.0,0.0,0.0,0.0,0.0,-0.5078125667503688,-1000000.0,0.0,-2.757946996014254,-1000000.0,0.0,1.2557460013093351,-0.2948431330253775,2.7827380265029142,0.3183552844529576,-1.0274616606156632,1.6639379296806327,1000000.0,7.063898348416479,0.0,1000000.0,1000000.0,1000000.0,0.0,0.0,0.0,0.0,0.0,0.0,False,False
63,stab,1,0.6674476390794606,-1000000.0,0.0,-1.9474517803321236,-1000000.0,0.0,1.5282476155679117,-0.6569440163778797,3.2603017597826973,0.1775626919552948,-2.226300314088576,1.5127377281773509,1000000.0,7.47036570627576,1000000.0,1000000.0,11.68162449505176,1000000.0,0.0,0.0,0.0,0.0,0.0,0.6019561897243602,-1000000.0,0.0,-1.7054416526871157,-1000000.0,0.0,1.3266082887285862,-0.5836882088383764,2.854687935680878,0.1544356018099257,-1.9513287355337336,1.319117968477121,1000000.0,6.512246370223475,1000000.0,1000000.0,10.219333721766116,1000000.0,0.0,0.0,0.0,0.0,0.0,0.0,0.5373713236390874,-1000000.0,0.0,-1.5229436800198055,-1000000.0,0.0,1.1866374197864786,-0.5309455415845843,2.5406457611133755,0.1533016568694716,-1.7685008977982075,1.1667776956606506,1000000.0,5.805067049953566,1000000.0,1000000.0,9.079822146357536,1000000.0,0.0,0.0,0.0,0.0,0.0,0.0,True,True
